Keyword Phrase,ABA Total Click Share,ABA Total Conv. Share,Keyword Sales,Cerebro IQ Score,Search Volume,Search Volume Trend,H10 PPC Sugg. Bid,Sponsored ASINs,Competing Products,CPR,Title Density,Organic,Sponsored,Amazon Recommended,Position (Rank),Relative Rank,Competitor Rank (avg),Ranking Competitors (count),Competitor Performance Score
hyaluronic acid serum,38.2%,15.6%,217,826,"182,000",-16%,2.74,146,"22,022",195,62,1,1,0,38,1,36,5,3.5
hyaluronic acid serum for face,20.2%,5.2%,391,1493,"96,000",15%,1.70,176,"6,432",122,48,1,1,0,41,6,41,5,8.6
face serum,25.5%,4.6%,925,362,"140,000",-18%,2.05,186,"38,621",156,70,1,1,0,27,2,38,4,2.8
hydrating serum,24.6%,24.8%,442,290,"61,000",17%,2.09,242,"21,016",198,30,1,1,0,7,5,8,5,6.0
hydrating face serum,12.2%,24.8%,1771,80,"33,000",29%,1.42,514,"41,367",193,18,1,1,0,20,2,15,5,6.9
serum for dry skin,7.9%,12.6%,2047,125,"21,000",1%,2.50,344,"16,797",319,9,1,1,0,5,1,36,4,4.9
facial serum for women,17.0%,32.9%,1747,37,"18,500",-18%,3.10,129,"50,419",399,6,1,1,0,36,5,24,3,4.4
hyaluronic acid,25.8%,21.6%,1888,884,"210,000",-16%,2.78,326,"23,749",250,80,1,1,0,45,6,8,5,2.4
plumping serum,15.8%,21.5%,2810,21,"9,800",32%,1.76,445,"46,772",350,4,1,1,0,23,1,33,4,4.5
hyaluronic acid serum for dry skin,9.1%,4.9%,3166,18,"7,400",-2%,0.94,303,"40,837",211,3,1,1,0,26,4,9,4,3.2
moisturizing serum for face,24.2%,31.3%,3375,25,"6,900",7%,2.85,335,"27,122",369,5,1,1,0,27,3,28,3,8.7
dewy skin serum,7.9%,7.8%,2717,29,"3,100",-6%,0.63,236,"10,690",142,1,1,1,0,19,1,13,2,4.9
serum,26.3%,13.2%,534,1000,"250,000",24%,2.83,105,"24,999",241,90,1,1,0,58,6,39,3,4.7
skin care serum,18.8%,18.4%,1660,46,"12,500",-17%,1.10,263,"26,947",233,8,1,1,0,11,1,25,3,6.2
hydrating serum for sensitive skin,5.0%,7.8%,435,69,"5,200",3%,2.20,122,"7,509",114,2,1,1,0,40,4,13,4,6.4
pure hyaluronic acid serum,26.1%,18.2%,492,37,"8,800",34%,1.87,527,"23,566",253,7,1,1,0,31,3,9,5,3.0
b5 serum,17.0%,11.5%,3414,9,"4,300",24%,1.02,73,"49,930",113,2,1,1,0,34,3,13,3,6.8
hyaluronic acid and vitamin b5,31.5%,12.5%,2653,101,"2,600",35%,0.84,317,"2,572",273,1,1,1,0,24,2,26,3,7.4
lightweight face serum,24.0%,19.1%,2626,5,"1,900",-6%,2.19,249,"35,703",130,1,1,1,0,53,4,18,2,3.4
aloe vera face serum,17.4%,3.9%,134,7,"2,400",30%,1.33,315,"33,094",107,2,1,1,0,45,5,26,1,5.1
daily face serum,39.6%,33.6%,1513,3,"1,500",-15%,1.17,282,"48,190",248,0,1,1,0,13,3,17,2,5.4
the ordinary hyaluronic acid,26.4%,3.1%,3744,124,"74,000",21%,1.49,136,"59,802",346,3,1,1,0,8,4,16,5,5.3
cerave hyaluronic acid serum,20.2%,23.3%,375,416,"52,000",31%,3.06,455,"12,499",245,2,1,1,0,26,6,9,5,7.1
neutrogena hydro boost serum,39.8%,3.9%,2439,260,"31,000",9%,2.70,199,"11,941",321,1,1,1,0,53,5,34,4,6.6
vitamin c serum for face,10.5%,20.5%,107,694,"165,000",-20%,2.68,155,"23,764",277,55,1,1,0,48,2,31,3,8.9
retinol serum,33.9%,9.8%,1051,885,"120,000",-7%,1.36,296,"13,566",399,40,1,1,0,38,3,20,2,5.8
niacinamide serum,9.6%,32.1%,1469,159,"88,000",9%,2.32,579,"55,469",223,33,1,1,0,53,5,12,2,5.7
hyaluronic acid and vitamin c serum,22.9%,30.9%,3200,40,"14,000",-9%,2.18,203,"35,108",96,6,1,1,0,10,4,43,3,7.1
retinol and hyaluronic acid serum,7.2%,24.8%,2193,24,"9,100",15%,1.85,158,"37,269",294,4,1,1,0,4,2,16,3,3.9
best hyaluronic acid serum,8.4%,17.5%,134,21,"11,000",28%,2.92,114,"51,410",234,0,1,1,0,21,5,36,4,6.2
hyaluronic acid serum 2%,29.2%,17.5%,2204,19,"2,700",31%,1.84,303,"13,868",365,1,1,1,0,34,3,39,2,8.2
the ordinary dupe serum,34.4%,7.4%,518,9,"1,300",5%,1.75,124,"14,076",351,0,1,1,0,16,4,8,1,3.5
acne serum,32.4%,31.7%,652,131,"27,000",25%,2.27,424,"20,642",81,10,1,1,0,17,2,33,2,3.5
serum for acne scars,18.9%,18.6%,2755,215,"15,000",33%,1.18,491,"6,968",271,5,1,1,0,26,3,30,2,3.4
anti aging serum,8.2%,14.7%,1404,452,"98,000",15%,1.79,68,"21,674",204,45,1,1,0,22,5,43,4,4.1
ácido hialurónico serum,8.9%,32.4%,956,122,"6,100",-14%,0.82,328,"5,013",28,1,1,1,0,58,2,21,4,7.3
serum acido hialuronico,19.8%,32.2%,3374,9,"4,800",-4%,1.66,599,"54,524",271,2,1,1,0,37,4,24,4,2.6
suero facial,33.0%,8.9%,3687,85,"3,900",-16%,1.30,67,"4,570",332,0,1,1,0,6,3,9,2,6.3
hyaluronic acid serum for skin,7.3%,30.6%,1878,36,"5,600",-20%,1.48,477,"15,375",145,4,1,1,0,40,2,6,4,5.7
face serum for dry skin,37.8%,34.0%,1092,50,"8,200",-17%,1.07,369,"16,426",329,5,1,1,0,20,5,17,4,4.0
hyaluronic serum,28.5%,11.7%,3311,66,"22,000",-19%,3.19,87,"33,573",15,12,1,1,0,2,6,36,5,5.9
korean skin care,23.0%,10.9%,1851,1438,"190,000",-14%,2.31,492,"13,216",344,60,1,1,0,32,5,29,1,8.8
face moisturizer,29.1%,34.4%,1423,1097,"230,000",-8%,2.76,193,"20,970",215,85,1,1,0,23,1,12,2,2.1
collagen serum for face,30.9%,11.2%,688,98,"41,000",-17%,0.82,440,"41,789",267,14,1,1,0,43,3,42,2,3.7
hyaluronic acid moisturizer,6.6%,8.9%,1121,190,"38,000",8%,0.61,422,"20,005",176,20,1,1,0,36,3,19,3,2.2
glass skin serum,15.8%,14.4%,24,13,"7,700",1%,1.59,536,"58,628",150,3,1,1,0,33,6,16,2,3.7
hydration serum,5.2%,11.5%,387,13,"6,600",-11%,1.64,92,"51,671",209,3,1,1,0,2,3,23,4,6.4
hyluronic acid serum,25.5%,19.9%,3094,28,"1,800",-11%,2.31,448,"6,336",399,0,1,1,0,21,6,35,3,3.0
eye cream,26.7%,7.6%,3398,363,"175,000",33%,2.46,575,"48,258",329,70,1,1,0,28,6,36,0,3.0
makeup primer,31.4%,21.2%,3349,182,"64,000",31%,0.64,285,"35,124",51,22,1,1,0,2,1,12,1,6.5
serum for face,18.2%,17.4%,227,586,"45,000",20%,0.65,594,"7,675",356,25,1,1,0,16,4,20,4,2.0
skincare brand hyaluronic acid serum,7.5%,32.8%,3697,2,900,14%,0.84,588,"53,077",41,0,1,1,0,48,6,34,1,3.8
travel size serum,34.6%,10.5%,3118,3,150,-7%,1.20,521,"5,679",260,0,1,1,0,55,4,8,1,5.4
