product_name,inci_name,concentration,category,region
Hyaluronic Acid Serum,Aqua,82.0,SOLVENT,US
Hyaluronic Acid Serum,Glycerin,5.0,HUMECTANT,US
Hyaluronic Acid Serum,Butylene Glycol,3.0,HUMECTANT,US
Hyaluronic Acid Serum,Sodium Hyaluronate,1.0,ACTIVE,US
Hyaluronic Acid Serum,Hydrolyzed Sodium Hyaluronate,0.5,ACTIVE,US
Hyaluronic Acid Serum,Panthenol,1.0,ACTIVE,US
Hyaluronic Acid Serum,Tocopherol,0.2,ACTIVE,US
Hyaluronic Acid Serum,Aloe Barbadensis Leaf Juice,2.0,BOTANICAL,US
Hyaluronic Acid Serum,Camellia Sinensis Leaf Extract,0.5,BOTANICAL,US
Hyaluronic Acid Serum,Simmondsia Chinensis (Jojoba) Seed Oil,0.3,BOTANICAL,US
Hyaluronic Acid Serum,Hydroxyethylcellulose,0.4,EMULSIFIER,US
Hyaluronic Acid Serum,Phenoxyethanol,0.8,PRESERVATIVE,US
Hyaluronic Acid Serum,Ethylhexylglycerin,0.1,PRESERVATIVE,US
Hyaluronic Acid Serum,Citric Acid,0.05,PH_ADJUSTER,US
Vitamin C Serum,Aqua,78.0,SOLVENT,US
Vitamin C Serum,Sodium Ascorbyl Phosphate,10.0,ACTIVE,US
Vitamin C Serum,Sodium Hyaluronate,0.5,ACTIVE,US
Vitamin C Serum,Tocopherol,0.5,ACTIVE,US
Vitamin C Serum,Aloe Barbadensis Leaf Juice,2.0,BOTANICAL,US
Vitamin C Serum,Phenoxyethanol,0.8,PRESERVATIVE,US
